{
  "features_path": "E:\\OSFDA\\data\\processed\\preflight_features_final.parquet",
  "model_path": "E:\\OSFDA\\models\\preflight_lgbm_calibrated.joblib",
  "n_train": 809823,
  "n_test": 202455,
  "test_positive_rate": 0.049077572793954215,
  "true_prior": 0.0476,
  "heuristic_threshold": 0.23800000000000002,
  "heuristic_results": {
    "roc_auc": 0.6136358065007766,
    "pr_auc": 0.0618270464539606,
    "brier_score": 0.04606005586887946,
    "ece": 0.007147907028523311,
    "precision": 0.0,
    "recall": 0.0,
    "f1": 0.0,
    "ndcg_10": 0.05930801157319677,
    "ndcg_100": 0.0593080115731968,
    "lift_top_decile": 1.3557098102591085,
    "threshold": 0.23800000000000002,
    "n_positive": 9936,
    "n_negative": 192519
  },
  "threshold_tuning": {
    "optimize": "f1",
    "best_threshold": 0.07032361809045226,
    "best_multiplier": 1.4773869346733668,
    "best_score": 0.1268317412036817
  },
  "tuned_results": {
    "roc_auc": 0.6136358065007766,
    "pr_auc": 0.0618270464539606,
    "brier_score": 0.04606005586887946,
    "ece": 0.007147907028523311,
    "precision": 0.06883329034476829,
    "recall": 0.8057568438003221,
    "f1": 0.1268317412036817,
    "ndcg_10": 0.05930801157319677,
    "ndcg_100": 0.0593080115731968,
    "lift_top_decile": 1.3557098102591085,
    "threshold": 0.07032361809045226,
    "n_positive": 9936,
    "n_negative": 192519
  }
}